ID,#,label
1,TGDOM2_208440,0
2,TGBR9_201270,0
3,TGDOM2_259160,0
4,TGGT1_209200,0
5,CSUI_001014,0
6,Ncaninum_LIV_000763400,0
7,CSUI_000285,0
8,NCLIV_050280,0
9,Ncaninum_LIV_000449000,0
10,HHA_293410,0
11,CSUI_001187,0
12,TGDOM2_223070,0
13,CSUI_002197,0
14,TGME49_209200,0
15,NCLIV_037930,0
16,TGRH88_022420,0
17,TGCAST_209270,0
18,TGME49_208400,0
19,TGVEG_208910,0
20,NCLIV_038110,0
21,TGFOU_241165,0
22,NCLIV_003530,0
23,TGPRC2_202080,0
24,TGGT1_231880,0
25,TGBR9_209550,0
26,CSUI_000477,0
27,TGP89_208830,0
28,TGRH88_018780,0
29,CSUI_001415,0
30,TGDOM2_200340,0
31,NCLIV_003700,0
32,TGMAS_209200A,0
33,TGP89_222880,0
34,TGCOUG_209280B,0
35,TGP89_295130,0
36,NCLIV_067920,0
37,TGRH88_022200,0
38,TGCAST_200330,0
39,TGRH88_022120,0
40,TGCOUG_293360,0
41,TGVAND_271240,0
42,TGPRC2_201650,0
43,TGFOU_200400,0
44,Ncaninum_LIV_000450800,0
45,TGRUB_209480,0
46,TGP89_259160,0
47,HHA_200330,0
48,TGBR9_209460,0
49,NCLIV_003500,0
50,TGCOUG_209480,0
51,TGVAND_209280,0
52,NCLIV_003120,0
53,TGPRC2_209705,0
54,NCLIV_050290,0
55,NCLIV_003820,0
56,TGRH88_021510,0
57,TGPRC2_209070B,0
58,TGVEG_209700,0
59,TGARI_209020,0
60,TGP89_209270,0
61,Ncaninum_LIV_000446100,0
62,Ncaninum_LIV_000565900,0
63,TGVEG_209540,0
64,Ncaninum_LIV_000749800,0
65,TGCOUG_208400,0
66,TGDOM2_218000A,0
67,NCLIV_033690,0
68,TGME49_323100,0
69,TGRUB_209500,0
70,CSUI_003490,0
71,HHA_291650,0
72,TGVEG_440150,0
73,CSUI_005273,0
74,TGME49_293040,0
75,Ncaninum_LIV_000600700,0
76,TGCAST_223070,0
77,TGRUB_200470,0
78,TGCOUG_293230,0
79,TGME49_209040,0
80,TGBR9_209640,0
81,TGVEG_201810,0
82,TGGT1_259190,0
83,TGVEG_202080,0
84,TGP89_257380,0
85,TGARI_268270,0
86,TGFOU_208400,0
87,TGVAND_209560,0
88,TGDOM2_200360,0
89,TGBR9_209270,0
90,NCLIV_003150,0
91,TGBR9_314038,0
92,TGCAST_209280B,0
93,Ncaninum_LIV_000193000,0
94,Ncaninum_LIV_000742200,0
95,NCLIV_062090,0
96,TGRH88_059220,0
97,TGRUB_209170,0
98,TGRH88_022470,0
99,HHA_279100,0
100,CSUI_007432,0
101,TGME49_201800,0
102,HHA_321460,0
103,TGCAST_209170,0
104,TGP89_209515,0
105,TGRH88_021590,0
106,TGMAS_209280,0
107,TGCOUG_209280A,0
108,TGCOUG_200360,0
109,Ncaninum_LIV_000566400,0
110,TGME49_200400,0
111,TGBR9_208440,0
112,TGGT1_208910,0
113,Ncaninum_LIV_000448300,0
114,TGP89_296000,0
115,NCLIV_038630,0
116,TGVEG_442370,0
117,TGFOU_259190,0
118,CSUI_001430,0
119,TGCAST_200360,0
120,TGGT1_209420,0
121,TGPRC2_201270,0
122,TGCAST_292975A,0
123,Ncaninum_LIV_000745900,0
124,CSUI_000229,0
125,TGARI_259190,0
126,Ncaninum_LIV_000751900,0
127,Ncaninum_LIV_000005500,0
128,HHA_257380,0
129,TGRH88_037510,0
130,TGCAST_208510,0
131,TGPRC2_209630,0
132,TGVEG_209485,0
133,Ncaninum_LIV_000257900,0
134,NCLIV_067960,0
135,TGGT1_209600,0
136,TGRH88_022380,0
137,TGDOM2_361110,0
138,HHA_292935,0
139,TGGT1_220950,0
140,TGVEG_200330,0
141,TGRH88_021760,0
142,TGFOU_209490,0
143,TGARI_293360,0
144,TGP89_209560,0
145,TGME49_268270,0
146,TGME49_208510,0
147,TGMAS_293230B,0
148,HHA_292975,0
149,TGDOM2_200400,0
150,TGBR9_285800A,0
151,TGMAS_209420,0
152,NCLIV_022840,0
153,TGARI_208550,0
154,TGCAST_209460,0
155,NCLIV_001970,0
156,TGMAS_241165,0
157,TGGT1_201880,0
158,TGRH88_037220,0
159,TGFOU_291650,0
160,Ncaninum_LIV_000256900,0
161,TGCAST_390570,0
162,Ncaninum_LIV_000666500,0
163,TGGT1_209515,0
164,NCLIV_023250,0
165,NCLIV_003970,0
166,TGMAS_209112,0
167,TGME49_201170,0
168,TGP89_422470,0
169,NCLIV_017920,0
170,CSUI_007470,0
171,TGBR9_292950,0
172,TGRH88_001790,0
173,NCLIV_025220,0
174,Ncaninum_LIV_000718200,0
175,NCLIV_022930,0
176,HHA_259700,0
177,TGME49_200300,0
178,TGGT1_293400,0
179,TGRH88_037410,0
180,TGGT1_200340,0
181,TGPRC2_201740,0
182,TGRH88_061160,0
183,TGME49_209530,0
184,TGME49_208760,0
185,TGVEG_201650,0
186,CSUI_007605,0
187,Ncaninum_LIV_000448700,0
188,TGVAND_295130,0
189,TGMAS_291650,0
190,TGRUB_218000A,0
191,TGRUB_293230,0
192,TGP89_241165,0
193,TGCAST_202080,0
194,TGPRC2_209270,0
195,TGCOUG_271240,0
196,TGP89_208760,0
197,TGPRC2_209480,0
198,TGCOUG_209700,0
199,HHA_246190,0
200,TGGT1_209500,0
201,TGFOU_209540,0
202,TGCOUG_223095,0
203,CSUI_007429,0
204,Ncaninum_LIV_000760000,0
205,NCLIV_003390,0
206,Ncaninum_LIV_000231600,0
207,Ncaninum_LIV_000256800,0
208,TGDOM2_209600,0
209,TGRUB_257380,0
210,NCLIV_023000,0
211,TGVEG_209070,0
212,TGRUB_201140,0
213,TGCOUG_208440,0
214,TGCAST_295130,0
215,TGCOUG_209440,0
216,TGRUB_209280B,0
217,NCLIV_003930,0
218,TGCAST_202070B,0
219,Ncaninum_LIV_000231800,0
220,TGCOUG_200400,0
221,TGGT1_201270,0
222,TGFOU_201140B,0
223,TGBR9_209280A,0
224,TGCAST_257380,0
225,TGBR9_293360,0
226,NCLIV_023045,0
227,TGCOUG_222880,0
228,NCLIV_015100,0
229,TGVAND_241165,0
230,NCLIV_003880,0
231,TGME49_292960,0
232,TGVAND_209485,0
233,TGFOU_201810,0
234,NCLIV_004730,0
235,TGME49_222880,0
236,TGRH88_021800,0
237,TGCAST_292975B,0
238,Ncaninum_LIV_000446800,0
239,TGBR9_209440,0
240,Ncaninum_LIV_000449600,0
241,TGARI_208440,0
242,TGARI_209485,0
243,HHA_271240,0
244,TGARI_209515,0
245,HHA_293400,0
246,TGARI_296000,0
247,NCLIV_067930,0
248,TGVAND_209640,0
249,TGPRC2_222880,0
250,TGPRC2_209670,0
251,TGVAND_201270,0
252,TGPRC2_279100B,0
253,TGVAND_437150,0
254,NCLIV_003100,0
255,TGARI_209170,0
256,TGPRC2_295130,0
257,TGP89_293230,0
258,TGVAND_209550B,0
259,TGCAST_208440,0
260,NCLIV_014510,0
261,TGVAND_293360,0
262,TGVEG_296000,0
263,NCLIV_035620,0
264,Ncaninum_LIV_000743300,0
265,TGVAND_209200,0
266,TGCOUG_209070,0
267,TGMAS_209540,0
268,TGVAND_202080,0
269,TGP89_200460,0
270,TGVAND_208830,0
271,TGRUB_223095,0
272,TGME49_202070,0
273,TGRH88_022060,0
274,CSUI_006896,0
275,TGPRC2_292975B,0
276,TGPRC2_200330,0
277,NCLIV_017970,0
278,TGFOU_200340,0
279,TGDOM2_209490,0
280,CSUI_009340,0
281,TGDOM2_208400,0
282,TGRUB_360030,0
283,TGBR9_208770,0
284,TGRH88_000170,0
285,TGRH88_021980,0
286,TGCAST_209600,0
287,NCLIV_056470,0
288,CSUI_004247,0
289,NCLIV_035650,0
290,TGMAS_209270,0
291,TGME49_323110,0
292,NCLIV_039680,0
293,NCLIV_002420,0
294,TGRH88_082850,0
295,TGGT1_200330,0
296,TGRUB_209700,0
297,TGMAS_209600,0
298,TGME49_209210,0
299,NCLIV_035610,0
300,TGGT1_271240,0
301,TGMAS_200470,0
302,TGVAND_201140,0
303,TGDOM2_209485,0
304,TGME49_208410,0
305,TGBR9_292975B,0
306,TGARI_271240,0
307,NCLIV_007500,0
308,NCLIV_003760,0
309,NCLIV_006110,0
310,TGVEG_209480,0
311,TGVEG_209500,0
312,TGME49_208990,0
313,CSUI_003349,0
314,TGDOM2_200460,0
315,TGARI_201140,0
316,TGRH88_037080,0
317,TGCAST_387130,0
318,TGMAS_209200B,0
319,TGP89_208510B,0
320,Ncaninum_LIV_000517700,0
321,TGDOM2_209550,0
322,TGCAST_218000A,0
323,TGRH88_021530,0
324,TGFOU_209480,0
325,NCLIV_018020,0
326,Ncaninum_LIV_000666100,0
327,NCLIV_003890,0
328,HHA_259172,0
329,TGFOU_295130,0
330,NCLIV_025120,0
331,TGARI_209700,0
332,TGVAND_208410A,0
333,Ncaninum_LIV_000744300,0
334,TGVEG_271240,0
335,TGPRC2_200400,0
336,TGVEG_201740,0
337,NCLIV_060780,0
338,TGARI_209270,0
339,TGMAS_279100,0
340,TGDOM2_209700,0
341,CSUI_000930,0
342,TGCOUG_208830,0
343,TGVAND_259190,0
344,TGGT1_201740,0
345,TGGT1_257380,0
346,TGGT1_258180,0
347,TGCOUG_208980,0
348,TGRUB_434920,0
349,TGDOM2_209480,0
350,TGMAS_209550,0
351,CSUI_002121,0
352,Ncaninum_LIV_000747600,0
353,TGGT1_200310,0
354,TGARI_293410,0
355,TGCOUG_200460,0
356,TGRH88_018750,0
357,NCLIV_028750,0
358,TGFOU_292975,0
359,CSUI_007484,0
360,TGPRC2_201170,0
361,TGARI_293430,0
362,Ncaninum_LIV_000762700,0
363,TGMAS_292950,0
364,TGARI_209670,0
365,TGGT1_296000,0
366,TGBR9_209045,0
367,CSUI_004360,0
368,NCLIV_023010,0
369,NCLIV_061380,0
370,TGMAS_209490,0
371,NCLIV_038190,0
372,TGRH88_070800,0
373,TGP89_201810,0
374,NCLIV_013160,0
375,TGMAS_208510A,0
376,TGVEG_209270,0
377,TGP89_209540,0
378,TGRH88_070820,0
379,TGRUB_244105,0
380,TGMAS_200340,0
381,TGVEG_201140,0
382,CSUI_005423,0
383,TGME49_201810,0
384,TGBR9_223095,0
385,NCLIV_038300,0
386,TGGT1_291650,0
387,Ncaninum_LIV_000256700,0
388,NCLIV_002180,0
389,Ncaninum_LIV_000258400,0
390,TGMAS_209460,0
391,NCLIV_007470,0
392,TGP89_208510A,0
393,CSUI_006399,0
394,TGGT1_271040,0
395,TGPRC2_209560,0
396,TGBR9_209280C,0
397,TGPRC2_201810,0
398,TGARI_209630,0
399,TGGT1_209460,0
400,TGCOUG_201810,0
401,TGFOU_293230B,0
402,NCLIV_003280,0
403,TGVEG_295130,0
404,Ncaninum_LIV_000447200,0
405,TGDOM2_292950,0
406,Ncaninum_LIV_000134600,0
407,NCLIV_016180,0
408,TGME49_328700,0
409,TGCAST_200460,0
410,HHA_293440,0
411,TGDOM2_208510,0
412,CSUI_004657,0
413,TGFOU_268270,0
414,TGRH88_018430,0
415,TGBR9_295130,0
416,TGVEG_201900,0
417,TGGT1_201650,0
418,TGCAST_296000,0
419,TGARI_295130,0
420,TGPRC2_271240,0
421,TGBR9_209480,0
422,CSUI_009375,0
423,TGBR9_208830,0
424,TGGT1_208830,0
425,TGCAST_285800C,0
426,TGRH88_021920,0
427,TGRH88_037060,0
428,TGPRC2_209280A,0
429,TGME49_292975,0
430,TGPRC2_208760,0
431,TGGT1_209470,0
432,TGCOUG_292950,0
433,TGCOUG_395120,0
434,NCLIV_003330,0
435,TGFOU_407650,0
436,TGME49_209590,0
437,TGFOU_201660,0
438,TGVAND_200470,0
439,HHA_293425,0
440,NCLIV_044220,0
441,TGBR9_209630,0
442,TGMAS_209700,0
443,TGCOUG_209540,0
444,TGVAND_209630,0
445,HHA_293230,0
446,HHA_293360,0
447,Ncaninum_LIV_000254800,0
448,TGCAST_462931,0
449,TGME49_246960,0
450,TGMAS_201900A,0
451,NCLIV_022880,0
452,Ncaninum_LIV_000762300,0
453,Ncaninum_LIV_000783300,0
454,TGP89_422480,0
455,Ncaninum_LIV_000304000,0
456,TGPRC2_209485,0
457,HHA_462490,0
458,TGDOM2_201270,0
459,TGMAS_361110,0
460,TGVAND_209670,0
461,TGPRC2_200470,0
462,TGPRC2_208770,0
463,Ncaninum_LIV_000257300,0
464,TGRH88_022030,0
465,TGP89_292975B,0
466,TGCAST_209680,0
467,TGRH88_021740,0
468,TGCAST_209640,0
469,TGARI_257380,0
470,TGBR9_259160,0
471,TGCAST_209440,0
472,NCLIV_039590,0
473,NCLIV_003960,0
474,CSUI_006179,0
475,TGP89_209070A,0
476,NCLIV_022900,0
477,TGME49_200310,0
478,TGMAS_200330,0
479,TGBR9_201900B,0
480,HHA_223095,0
481,TGFOU_407690,0
482,Ncaninum_LIV_000744400,0
483,TGRUB_209600,0
484,HHA_259190,0
485,TGRUB_209045,0
486,TGBR9_209170,0
487,NCLIV_067640,0
488,TGCOUG_201270,0
489,TGARI_200310,0
490,TGARI_208760,0
491,CSUI_007272,0
492,HHA_293430,0
493,TGFOU_200460,0
494,NCLIV_003850,0
495,NCLIV_038210,0
496,TGVAND_209070,0
497,TGMAS_417710,0
498,NCLIV_003370,0
499,TGME49_209630,0
500,TGCAST_209515,0
501,TGARI_291650,0
502,Ncaninum_LIV_000742600,0
503,Ncaninum_LIV_000565500,0
504,TGDOM2_209630,0
505,TGCOUG_223070,0
506,TGGT1_293440,0
507,TGPRC2_209070A,0
508,TGCAST_271240,0
509,TGRH88_022090,0
510,TGP89_209170,0
511,NCLIV_069040,0
512,TGGT1_209120,0
513,Ncaninum_LIV_000440200,0
514,CSUI_008787,0
515,TGP89_291650,0
516,NCLIV_038160,0
517,CSUI_011513,0
518,CSUI_011130,0
519,NCLIV_017980,0
520,TGCAST_209420,0
521,TGRH88_038560,0
522,CSUI_010483,0
523,TGARI_200460A,0
524,TGPRC2_209540,0
525,TGGT1_209550,0
526,TGPRC2_209640,0
527,TGDOM2_209420,0
528,TGDOM2_208830,0
529,TGBR9_201170,0
530,TGRH88_021890,0
531,TGME49_291650,0
532,TGRUB_202080,0
533,Ncaninum_LIV_000665700,0
534,TGARI_223095,0
535,TGARI_209280B,0
536,TGP89_201900A,0
537,TGRUB_201740,0
538,TGCAST_209500,0
539,CSUI_003106,0
540,TGCAST_241165,0
541,TGCOUG_296000,0
542,TGARI_201810,0
543,TGBR9_209700,0
544,TGPRC2_209500,0
545,TGCOUG_209600,0
546,TGRUB_209420,0
547,TGMAS_209070B,0
548,TGCAST_209070,0
549,TGDOM2_293360,0
550,TGARI_201860A,0
551,TGFOU_201270,0
552,TGCAST_218000C,0
553,TGFOU_209640,0
554,TGVEG_209670,0
555,TGDOM2_293230,0
556,HHA_293470,0
557,TGFOU_208440,0
558,Ncaninum_LIV_000565800,0
559,TGFOU_209550B,0
560,TGGT1_209170,0
561,TGARI_293040,0
562,TGRUB_430980,0
563,TGARI_208400,0
564,CSUI_001006,0
565,NCLIV_067570,0
566,HHA_453750,0
567,TGMAS_201170,0
568,Ncaninum_LIV_000762600,0
569,TGRH88_005460,0
570,TGMAS_201660,0
571,NCLIV_003810,0
572,NCLIV_043180,0
573,TGVEG_208830,0
574,TGME49_208830,0
575,TGME49_293440,0
576,NCLIV_000320,0
577,TGRUB_434930,0
578,TGCAST_208760,0
579,TGRH88_038660,0
580,TGVEG_201170,0
581,NCLIV_020970,0
582,TGME49_271240,0
583,CSUI_009492,0
584,CSUI_009112,0
585,TGP89_223070,0
586,TGP89_201900B,0
587,TGMAS_209560,0
588,HHA_455050,0
589,CSUI_000484,0
590,TGDOM2_209170,0
591,Ncaninum_LIV_000447900,0
592,TGRH88_080380,0
593,CSUI_005494,0
594,TGME49_209170,0
595,NCLIV_003290,0
596,TGFOU_202070,0
597,TGVEG_200340,0
598,CSUI_008950,0
599,TGME49_208390,0
600,Ncaninum_LIV_000505300,0
601,TGP89_201270,0
602,TGBR9_271240,0
603,TGARI_292975,0
604,TGARI_293230A,0
605,TGRH88_018740,0
606,HHA_208410,0
607,TGME49_259700,0
608,TGVAND_209680,0
609,TGCAST_208830,0
610,NCLIV_029690,0
611,TGGT1_209700,0
612,NCLIV_023260,0
613,TGCAST_201140,0
614,CSUI_001426,0
615,NCLIV_003670,0
616,TGME49_257380,0
617,TGMAS_292975B,0
618,Ncaninum_LIV_000762100,0
619,NCLIV_067680,0
620,TGVAND_257380,0
621,TGRUB_209515,0
622,TGFOU_222880,0
623,TGRH88_018380,0
624,TGARI_200400,0
625,TGVAND_208410B,0
626,TGRUB_202070B,0
627,TGRUB_431950,0
628,CSUI_000119,0
629,TGGT1_201140,0
630,TGCAST_200400,0
631,TGDOM2_201170,0
632,TGPRC2_209550B,0
633,TGCOUG_209270,0
634,TGP89_208910,0
635,TGVEG_208760,0
636,TGCAST_209020,0
637,TGCOUG_201140,0
638,TGME49_200460,0
639,TGPRC2_209440,0
640,TGVAND_208760,0
641,NCLIV_064160,0
642,TGVAND_208400B,0
643,NCLIV_027090,0
644,Ncaninum_LIV_000257600,0
645,TGME49_209440,0
646,Ncaninum_LIV_000749000,0
647,TGVAND_209490,0
648,NCLIV_003800,0
649,Ncaninum_LIV_000752200,0
650,Ncaninum_LIV_000258600,0
651,TGVEG_222880,0
652,Ncaninum_LIV_000745200,0
653,NCLIV_022060,0
654,NCLIV_069060,0
655,TGBR9_208400A,0
656,TGBR9_209500,0
657,TGCAST_387150,0
658,TGGT1_201860,0
659,NCLIV_023040,0
660,TGDOM2_200470,0
661,TGARI_209680B,0
662,TGRH88_018360,0
663,TGFOU_292950,0
664,TGBR9_208980,0
665,TGBR9_200400,0
666,TGCOUG_241165,0
667,TGDOM2_209440,0
668,TGGT1_209270,0
669,TGVEG_292950,0
670,TGMAS_200460,0
671,TGBR9_222880,0
672,Ncaninum_LIV_000006600,0
673,TGFOU_208770,0
674,TGGT1_293430,0
675,Ncaninum_LIV_000254500,0
676,TGFOU_209700,0
677,TGFOU_209515,0
678,TGFOU_209485,0
679,TGCOUG_209045,0
680,TGCAST_202070A,0
681,TGME49_223070,0
682,TGVEG_209420,0
683,Ncaninum_LIV_000380200,0
684,TGVAND_223070,0
685,TGRUB_209705,0
686,TGCAST_285800A,0
687,TGARI_293230B,0
688,NCLIV_003630,0
689,TGME49_209600,0
690,NCLIV_016220,0
691,TGCOUG_209500,0
692,TGVEG_259190,0
693,TGCOUG_209705,0
694,NCLIV_002400,0
695,TGBR9_201900A,0
696,TGBR9_268270,0
697,Ncaninum_LIV_000743000,0
698,TGDOM2_268270,0
699,TGP89_223095,0
700,TGGT1_209530,0
701,TGRH88_021540,0
702,TGFOU_201170,0
703,Ncaninum_LIV_000748500,0
704,TGGT1_209540,0
705,TGMAS_209500,0
706,TGRUB_208510,0
707,TGGT1_208390,0
708,TGGT1_234220,0
709,TGVEG_209560,0
710,TGRH88_042690,0
711,TGGT1_223070,0
712,TGRUB_201270,0
713,TGP89_268270,0
714,TGARI_200330,0
715,TGCOUG_200330,0
716,TGGT1_201660,0
717,TGVAND_201170,0
718,NCLIV_003860,0
719,TGPRC2_223070,0
720,TGVEG_441720,0
721,TGPRC2_208830,0
722,TGVEG_209515,0
723,TGRUB_222880,0
724,TGME49_209490,0
725,NCLIV_043950,0
726,HHA_271250,0
727,TGMAS_202080,0
728,TGARI_209585,0
729,TGRH88_022350,0
730,CSUI_008736,0
731,TGARI_209640,0
732,TGRH88_021580,0
733,TGFOU_209210B,0
734,TGDOM2_295130,0
735,TGCOUG_209200,0
736,TGVAND_222880,0
737,TGVAND_209020,0
738,TGCAST_209200A,0
739,TGME49_209670,0
740,TGGT1_209583,0
741,NCLIV_001290,0
742,TGME49_241165,0
743,TGME49_201650,0
744,TGPRC2_292975A,0
745,CSUI_003804,0
746,Ncaninum_LIV_000763000,0
747,TGVAND_208910,0
748,TGVAND_292950,0
749,TGDOM2_271240,0
750,TGRH88_037480,0
751,TGCOUG_209460,0
752,NCLIV_038140,0
753,CSUI_005271,0
754,TGDOM2_209640,0
755,TGME49_209515,0
756,TGP89_209640,0
757,Ncaninum_LIV_000257500,0
758,TGVAND_437510,0
759,TGARI_201660,0
760,NCLIV_005920,0
761,TGVEG_208980,0
762,TGVEG_208400,0
763,TGVAND_209045,0
764,TGFOU_209460,0
765,TGPRC2_200460B,0
766,NCLIV_003720,0
767,TGP89_202080,0
768,TGPRC2_268270,0
769,TGARI_201900B,0
770,NCLIV_003640,0
771,Ncaninum_LIV_000768300,0
772,TGME49_201740,0
773,TGMAS_209070A,0
774,TGCAST_293230,0
775,TGPRC2_209200B,0
776,TGPRC2_259190A,0
777,TGPRC2_209045,0
778,CSUI_001422,0
779,TGGT1_293470,0
780,TGCAST_209490,0
781,TGRUB_434820,0
782,TGRUB_271240,0
783,CSUI_008558,0
784,TGVEG_209170,0
785,TGRH88_021480,0
786,TGGT1_209560,0
787,TGMAS_464992,0
788,TGCOUG_201900A,0
789,TGFOU_209420,0
790,TGBR9_200470,0
791,TGRH88_021840,0
792,TGME49_200330,0
793,TGME49_209280,0
794,CSUI_001373,0
795,TGME49_208910,0
796,Ncaninum_LIV_000594500,0
797,TGP89_209280B,0
798,CSUI_001412,0
799,TGPRC2_209170,0
800,TGME49_279100,0
801,CSUI_000052,0
802,TGVEG_209550,0
803,TGRUB_200340,0
804,TGVAND_200360,0
805,TGGT1_209680,0
806,TGRUB_209280A,0
807,TGPRC2_209600,0
808,HHA_246960,0
809,TGPRC2_209700,0
810,TGARI_200440,0
811,TGGT1_209108,0
812,NCLIV_023100,0
813,NCLIV_048860,0
814,NCLIV_068850,0
815,TGFOU_293360,0
816,TGARI_209045,0
817,TGRH88_083180,0
818,TGP89_201140,0
819,TGRH88_022150,0
820,TGP89_209020,0
821,TGRH88_071790,0
822,TGCAST_209670,0
823,TGGT1_292960,0
824,TGPRC2_200340,0
825,TGRUB_209485,0
826,TGPRC2_293360,0
827,TGCOUG_209485,0
828,TGVEG_223095,0
829,TGDOM2_257380,0
830,TGP89_209705,0
831,TGRUB_208830,0
832,TGPRC2_209680,0
833,NCLIV_017910,0
834,TGBR9_208510,0
835,TGCOUG_201650,0
836,TGRH88_070840,0
837,TGGT1_209250,0
838,TGME49_209045,0
839,TGARI_201860B,0
840,Ncaninum_LIV_000257100,0
841,TGARI_209510,0
842,TGRUB_434910,0
843,TGGT1_208400A,0
844,TGCOUG_201740,0
845,TGGT1_200440,0
846,TGCAST_209480,0
847,TGFOU_209170,0
848,HHA_259160,0
849,TGVEG_293360,0
850,TGCAST_259190A,0
851,Ncaninum_LIV_000257000,0
852,TGGT1_209045,0
853,HHA_293040,0
854,CSUI_006398,0
855,TGRUB_209070,0
856,TGME49_209460,0
857,TGBR9_293230B,0
858,TGARI_209590,0
859,CSUI_005991,0
860,TGMAS_209705,0
861,TGCAST_201810,0
862,TGRUB_209680,0
863,TGMAS_209020,0
864,TGRH88_018670,0
865,TGVAND_209550A,0
866,TGRH88_037130,0
867,TGME49_202080,0
868,TGCOUG_394540,0
869,NCLIV_049780,0
870,NCLIV_000370,0
871,TGRUB_291650,0
872,TGP89_209680,0
873,TGVEG_442180,0
874,TGRUB_200360,0
875,TGFOU_208910,0
876,TGRUB_259190,0
877,TGRH88_022250,0
878,CSUI_003953,0
879,TGGT1_218000,0
880,TGGT1_200400,0
881,NCLIV_022790,0
882,TGMAS_259700B,0
883,TGRUB_208910,0
884,TGVAND_201650,0
885,TGPRC2_208400,0
886,TGVAND_293230,0
887,TGME49_209108,0
888,TGPRC2_201660,0
889,TGCOUG_201660,0
890,Ncaninum_LIV_000005400,0
891,TGCOUG_209170,0
892,TGCOUG_218000B,0
893,TGVEG_208510,0
894,Ncaninum_LIV_000257400,0
895,NCLIV_027340,0
896,TGMAS_201270,0
897,TGGT1_208550,0
898,TGRUB_209540,0
899,TGRUB_209440,0
900,TGP89_209630,0
901,TGGT1_208400B,0
902,HHA_311270,0
903,TGRUB_464965,0
904,TGBR9_202070B,0
905,TGPRC2_208510,0
906,TGARI_209705,0
907,TGGT1_200300,0
908,TGME49_200440,0
909,TGPRC2_291650,0
910,Ncaninum_LIV_000622900,0
911,TGRUB_464961,0
912,TGRUB_295130,0
913,TGBR9_201140,0
914,TGRH88_021720,0
915,TGMAS_271240,0
916,TGGT1_209670,0
917,TGPRC2_209200A,0
918,TGGT1_209280,0
919,TGME49_209470,0
920,NCLIV_043150,0
921,TGMAS_201650,0
922,TGBR9_218000B,0
923,CSUI_001746,0
924,TGARI_208770,0
925,TGGT1_293230,0
926,TGCOUG_209680,0
927,TGGT1_201170,0
928,TGP89_209490,0
929,TGPRC2_209515,0
930,TGMAS_200360,0
931,TGCAST_291650,0
932,TGDOM2_201650,0
933,NCLIV_007860,0
934,TGMAS_296000,0
935,TGRH88_075950,0
936,TGBR9_285800B,0
937,NCLIV_067730,0
938,TGME49_296015,0
939,TGME49_259190,0
940,TGMAS_209680,0
941,TGME49_293410,0
942,CSUI_002925,0
943,TGRH88_037380,0
944,TGVEG_241165,0
945,CSUI_008037,0
946,Ncaninum_LIV_000731300,0
947,TGBR9_202080,0
948,TGRH88_021730,0
949,TGVEG_209490,0
950,TGRUB_268270,0
951,Ncaninum_LIV_000254700,0
952,TGPRC2_208910,0
953,TGBR9_201650,0
954,TGRUB_292975A,0
955,TGFOU_209600,0
956,TGPRC2_241165,0
957,TGMAS_208510B,0
958,TGGT1_285800,0
959,TGP89_209045,0
960,NCLIV_003110,0
961,TGGT1_209630,0
962,TGP89_209070B,0
963,NCLIV_017650,0
964,TGPRC2_427480,0
965,TGCOUG_292975A,0
966,Ncaninum_LIV_000450900,0
967,TGP89_202070B,0
968,TGP89_209480,0
969,TGDOM2_209045,0
970,TGMAS_208830,0
971,TGME49_208440,0
972,TGCAST_223095,0
973,TGPRC2_293230,0
974,TGPRC2_200460A,0
975,TGFOU_209045,0
976,TGGT1_292975,0
977,TGRUB_202070C,0
978,TGBR9_200460,0
979,Ncaninum_LIV_000254400,0
980,TGCAST_200340,0
981,TGARI_201650,0
982,CSUI_004361,0
983,TGME49_208770,0
984,TGVAND_201900,0
985,NCLIV_017890,0
986,NCLIV_003570,0
987,Ncaninum_LIV_000745500,0
988,TGP89_209485,0
989,TGMAS_209630,0
990,NCLIV_067670,0
991,TGVEG_268270,0
992,TGBR9_201740,0
993,TGDOM2_209500,0
994,TGP89_209670,0
995,TGMAS_201140,0
996,TGDOM2_209070,0
997,TGP89_259190,0
998,TGVAND_209700,0
999,TGCOUG_259172A,0
1000,TGARI_208830,0
1001,TGFOU_200360,0
1002,TGCOUG_268270,0
1003,TGRH88_021660,0
1004,Ncaninum_LIV_000315800,0
1005,TGME49_293360,0
1006,TGGT1_292935,0
1007,TGARI_209560,0
1008,Ncaninum_LIV_000745700,0
1009,TGP89_218000B,0
1010,TGARI_201170,0
1011,TGRH88_021630,0
1012,NCLIV_006120,0
1013,TGMAS_200400,0
1014,TGRH88_022460,0
1015,TGARI_209480,0
1016,TGGT1_209020,0
1017,TGBR9_209670,0
1018,Ncaninum_LIV_000254900,0
1019,Ncaninum_LIV_000748100,0
1020,TGRH88_018350,0
1021,NCLIV_038180,0
1022,TGBR9_208400B,0
1023,NCLIV_007450,0
1024,TGME49_234220,0
1025,TGVAND_209480,0
1026,TGBR9_208910,0
1027,TGVAND_209170,0
1028,TGMAS_209640,0
1029,Ncaninum_LIV_000783200,0
1030,TGVEG_209705,0
1031,TGDOM2_222880,0
1032,CSUI_004312,0
1033,TGRH88_083170,0
1034,TGDOM2_209515,0
1035,TGP89_201650A,0
1036,TGARI_202080,0
1037,TGCOUG_291650,0
1038,HHA_285800,0
1039,TGRUB_201650,0
1040,TGRUB_223070,0
1041,NCLIV_067950,0
1042,TGARI_223070,0
1043,TGME49_209250,0
1044,TGVAND_209515,0
1045,TGP89_200360,0
1046,TGCAST_208770,0
1047,NCLIV_049840,0
1048,Ncaninum_LIV_000258100,0
1049,TGP89_209420,0
1050,TGBR9_209705,0
1051,NCLIV_039580,0
1052,Ncaninum_LIV_000008700,0
1053,TGME49_293425,0
1054,CSUI_007435,0
1055,TGME49_285800,0
1056,TGRUB_209270,0
1057,TGFOU_296000,0
1058,TGFOU_223070,0
1059,TGGT1_202080,0
1060,TGCAST_293360,0
1061,TGMAS_413050,0
1062,NCLIV_067900,0
1063,TGGT1_208990,0
1064,TGME49_295130,0
1065,Ncaninum_LIV_000574200,0
1066,TGDOM2_208910,0
1067,NCLIV_023150,0
1068,NCLIV_000400,0
1069,TGMAS_357820,0
1070,TGMAS_222880,0
1071,TGCAST_208400,0
1072,TGVEG_257380,0
1073,TGPRC2_209420,0
1074,TGME49_201900,0
1075,TGFOU_208830,0
1076,TGBR9_200340,0
1077,NCLIV_065205,0
1078,TGCAST_201270,0
1079,TGGT1_209705,0
1080,TGMAS_257380,0
1081,Ncaninum_LIV_000716000,0
1082,TGME49_200470,0
1083,TGGT1_271250,0
1084,Ncaninum_LIV_000742400,0
1085,NCLIV_001950,0
1086,TGDOM2_209670,0
1087,NCLIV_028200,0
1088,TGRUB_208400,0
1089,Ncaninum_LIV_000006900,0
1090,TGVAND_202070A,0
1091,TGCOUG_209515,0
1092,Ncaninum_LIV_000745000,0
1093,TGCOUG_202070,0
1094,TGP89_209200,0
1095,TGCAST_209540,0
1096,Ncaninum_LIV_000257200,0
1097,TGFOU_259160,0
1098,Ncaninum_LIV_000742700,0
1099,TGARI_209490,0
1100,TGME49_259172,0
1101,HHA_220950,0
1102,TGARI_222880,0
1103,TGCAST_292950,0
1104,TGGT1_208490,0
1105,TGGT1_201240,0
1106,TGCAST_222880,0
1107,TGVAND_223095,0
1108,TGARI_209530,0
1109,HHA_241165,0
1110,HHA_252380,0
1111,TGVAND_201740,0
1112,NCLIV_067710,0
1113,TGP89_209112,0
1114,Ncaninum_LIV_000566000,0
1115,TGBR9_209490,0
1116,TGDOM2_201810,0
1117,TGPRC2_209210C,0
1118,TGDOM2_201140A,0
1119,TGRH88_020250,0
1120,TGME49_208490,0
1121,HHA_258180,0
1122,TGARI_202070C,0
1123,TGFOU_209560,0
1124,TGGT1_293410,0
1125,CSUI_000927,0
1126,TGARI_293400,0
1127,TGPRC2_201140A,0
1128,NCLIV_003660,0
1129,TGARI_241165,0
1130,TGGT1_293360,0
1131,TGMAS_268270,0
1132,NCLIV_069590,0
1133,TGME49_209540,0
1134,TGFOU_271240,0
1135,TGME49_201270,0
1136,TGMAS_209485,0
1137,TGVEG_209200,0
1138,TGARI_209200B,0
1139,TGRUB_209460,0
1140,TGDOM2_292975,0
1141,NCLIV_022390,0
1142,TGCOUG_394550,0
1143,NCLIV_003480,0
1144,TGFOU_209270,0
1145,NCLIV_017930,0
1146,CSUI_001004,0
1147,TGME49_209700,0
1148,TGBR9_209560,0
1149,TGGT1_259160,0
1150,TGVAND_292975,0
1151,TGME49_209640,0
1152,TGRH88_022240,0
1153,TGVEG_200360,0
1154,TGPRC2_209020,0
1155,TGP89_209500,0
1156,NCLIV_046750,0
1157,TGGT1_208440,0
1158,Ncaninum_LIV_000744500,0
1159,HHA_222880,0
1160,TGP89_292975A,0
1161,TGBR9_202070A,0
1162,TGBR9_223070,0
1163,TGGT1_209440,0
1164,TGRH88_037140,0
1165,TGRUB_209630,0
1166,TGBR9_209070B,0
1167,TGBR9_296000,0
1168,HHA_218000,0
1169,TGVEG_223070,0
1170,TGPRC2_218000A,0
1171,TGARI_220950,0
1172,NCLIV_023130,0
1173,TGME49_201880,0
1174,TGGT1_252380,0
1175,Ncaninum_LIV_000746300,0
1176,TGME49_218000,0
1177,NCLIV_067890,0
1178,TGCOUG_209020,0
1179,TGCOUG_208760,0
1180,Ncaninum_LIV_000446600,0
1181,TGBR9_209200,0
1182,HHA_208550,0
1183,TGPRC2_209490,0
1184,TGDOM2_209200,0
1185,TGVAND_439210,0
1186,TGME49_201240,0
1187,TGBR9_202070C,0
1188,Ncaninum_LIV_000759600,0
1189,TGGT1_279100,0
1190,TGCOUG_257380,0
1191,CSUI_008233,0
1192,TGVEG_200460,0
1193,Ncaninum_LIV_000006000,0
1194,TGP89_208770,0
1195,CSUI_010256,0
1196,TGVAND_202070B,0
1197,TGP89_209440,0
1198,TGBR9_209420,0
1199,TGGT1_201810,0
1200,TGMAS_223070,0
1201,TGME49_292935,0
1202,TGME49_223095,0
1203,TGME49_293400,0
1204,Ncaninum_LIV_000330400,0
1205,TGBR9_209120B,0
1206,TGVAND_268270,0
1207,TGDOM2_201900,0
1208,TGFOU_208760,0
1209,TGRH88_036940,0
1210,TGARI_209600,0
1211,TGGT1_268270,0
1212,Ncaninum_LIV_000257800,0
1213,Ncaninum_LIV_000257700,0
1214,CSUI_001414,0
1215,TGVAND_200400,0
1216,TGARI_208980,0
1217,NCLIV_006130,0
1218,TGRUB_296000,0
1219,NCLIV_003875,0
1220,TGVEG_220950,0
1221,TGBR9_241165,0
1222,TGRUB_208770,0
1223,TGCOUG_209490,0
1224,TGP89_201740,0
1225,TGRH88_022450,0
1226,HHA_268270,0
1227,TGMAS_209045,0
1228,TGVAND_209500,0
1229,TGRUB_201660,0
1230,TGCOUG_218000A,0
1231,TGCOUG_208770,0
1232,TGP89_218000A,0
1233,TGRH88_021750,0
1234,TGRH88_026220,0
1235,TGCAST_201170,0
1236,NCLIV_003870,0
1237,TGBR9_209515,0
1238,TGVAND_201810,0
1239,Ncaninum_LIV_000783100,0
1240,TGRH88_022070,0
1241,TGFOU_201740,0
1242,TGRUB_200330,0
1243,TGFOU_209670,0
1244,TGVEG_293230,0
1245,TGRUB_201810,0
1246,TGRUB_208440,0
1247,TGME49_209583,0
1248,TGRUB_208760,0
1249,NCLIV_003430,0
1250,TGDOM2_209560,0
1251,TGP89_361110,0
1252,TGPRC2_259190B,0
1253,HHA_288190,0
1254,TGME49_209480,0
1255,TGARI_209250,0
1256,TGVEG_209680,0
1257,TGME49_200360,0
1258,TGARI_209540,0
1259,TGME49_209680,0
1260,TGRH88_021780,0
1261,Ncaninum_LIV_000009800,0
1262,TGMAS_223095,0
1263,TGPRC2_209460,0
1264,TGRH88_080180,0
1265,TGCAST_209485,0
1266,TGFOU_200330,0
1267,TGGT1_209210,0
1268,TGME49_296000,0
1269,NCLIV_003610,0
1270,TGFOU_209630,0
1271,TGVAND_209705,0
1272,TGP89_208440,0
1273,TGFOU_257380,0
1274,CSUI_003596,0
1275,TGMAS_208400C,0
1276,TGRH88_037030,0
1277,TGGT1_207015,0
1278,Ncaninum_LIV_000759400,0
1279,TGVAND_209270,0
1280,TGBR9_209600,0
1281,Ncaninum_LIV_000006300,0
1282,TGDOM2_208770,0
1283,TGMAS_208760,0
1284,NCLIV_003400,0
1285,TGRH88_000180,0
1286,TGCAST_201740,0
1287,TGP89_200400,0
1288,TGDOM2_200330,0
1289,TGARI_209280A,0
1290,TGRUB_209670,0
1291,Ncaninum_LIV_000034700,0
1292,Ncaninum_LIV_000005700,0
1293,NCLIV_017940,0
1294,TGBR9_382480,0
1295,NCLIV_067610,0
1296,TGBR9_291650,0
1297,TGFOU_209500,0
1298,TGME49_208550,0
1299,TGMAS_259190,0
1300,TGCOUG_202080B,0
1301,TGME49_271040,0
1302,TGDOM2_323100,0
1303,TGVEG_209440,0
1304,HHA_323110,0
1305,TGGT1_222880,0
1306,TGPRC2_427090,0
1307,TGME49_209560,0
1308,TGDOM2_201140B,0
1309,TGME49_271250,0
1310,TGMAS_208440,0
1311,TGVEG_200470,0
1312,TGRH88_083230,0
1313,TGARI_200460B,0
1314,TGCAST_259190B,0
1315,CSUI_009491,0
1316,TGGT1_209640,0
1317,TGCAST_209280A,0
1318,HHA_453940,0
1319,TGARI_201270,0
1320,TGARI_259700,0
1321,TGP89_208400B,0
1322,TGCOUG_209630,0
1323,TGARI_202070A,0
1324,TGARI_208510,0
1325,TGCAST_201650,0
1326,TGCOUG_209670,0
1327,TGVAND_291650,0
1328,TGMAS_209440,0
1329,TGVEG_208440,0
1330,TGVEG_209630,0
1331,TGARI_201900A,0
1332,Ncaninum_LIV_000731100,0
1333,TGCOUG_209210B,0
1334,NCLIV_067720,0
1335,TGME49_209070,0
1336,HHA_223070,0
1337,TGFOU_209200A,0
1338,Ncaninum_LIV_000751100,0
1339,TGGT1_209485,0
1340,TGVEG_200400,0
1341,TGGT1_200460,0
1342,TGDOM2_218000B,0
1343,NCLIV_067690,0
1344,TGCOUG_201170,0
1345,TGDOM2_296000,0
1346,TGME49_209705,0
1347,TGCAST_209700,0
1348,CSUI_009034,0
1349,TGRUB_259160,0
1350,TGRUB_200460,0
1351,TGME49_258180,0
1352,TGFOU_209020,0
1353,TGDOM2_202080,0
1354,TGVEG_209640,0
1355,TGP89_422200,0
1356,TGME49_292950,0
1357,TGARI_209440,0
1358,CSUI_001662,0
1359,NCLIV_060730,0
1360,TGRH88_021650,0
1361,Ncaninum_LIV_000124700,0
1362,TGVAND_201660,0
1363,TGRH88_021700,0
1364,TGRUB_241165,0
1365,TGMAS_209515,0
1366,TGVAND_200330,0
1367,TGP89_202070A,0
1368,TGPRC2_292950,0
1369,TGP89_200470,0
1370,NCLIV_065200,0
1371,TGP89_202070C,0
1372,TGCOUG_209640,0
1373,CSUI_009490,0
1374,TGGT1_293040,0
1375,TGDOM2_201740,0
1376,TGDOM2_241165,0
1377,TGVAND_209420,0
1378,TGGT1_201800,0
1379,NCLIV_003460,0
1380,TGBR9_244105,0
1381,TGRH88_030090,0
1382,TGDOM2_208980,0
1383,TGARI_209070,0
1384,TGARI_293440,0
1385,Ncaninum_LIV_000751800,0
1386,NCLIV_003340,0
1387,CSUI_003266,0
1388,TGARI_200360,0
1389,NCLIV_069050,0
1390,TGPRC2_209550A,0
1391,Ncaninum_LIV_000743600,0
1392,TGRUB_201170,0
1393,TGDOM2_209280,0
1394,TGCAST_201660,0
1395,TGRH88_015650,0
1396,TGBR9_259190,0
1397,Ncaninum_LIV_000763100,0
1398,TGMAS_201810,0
1399,NCLIV_017900,0
1400,NCLIV_067650,0
1401,TGRUB_209020,0
1402,TGPRC2_223095,0
1403,Ncaninum_LIV_000565300,0
1404,NCLIV_003550,0
1405,NCLIV_003950,0
1406,TGGT1_209480,0
1407,TGRH88_000160,0
1408,NCLIV_027370,0
1409,Ncaninum_LIV_000450600,0
1410,TGDOM2_259190,0
1411,TGRH88_022400,0
1412,TGGT1_209510,0
1413,NCLIV_022970,0
1414,TGPRC2_209280B,0
1415,TGVAND_208510,0
1416,TGCAST_200470,0
1417,TGRH88_021470,0
1418,NCLIV_067580,0
1419,NCLIV_067620,0
1420,Ncaninum_LIV_000749700,0
1421,TGGT1_208410,0
1422,HHA_271040,0
1423,TGFOU_223095,0
1424,TGRH88_021680,0
1425,TGME49_209585,0
1426,HHA_292960,0
1427,TGPRC2_202070A,0
1428,TGP89_200330,0
1429,TGFOU_201900A,0
1430,NCLIV_018710,0
1431,TGGT1_209585,0
1432,TGCOUG_292975B,0
1433,TGVEG_201270,0
1434,NCLIV_003310,0
1435,NCLIV_023070,0
1436,TGARI_209500,0
1437,TGRUB_209560,0
1438,Ncaninum_LIV_000565400,0
1439,TGBR9_292975A,0
1440,TGVAND_296000,0
1441,TGFOU_201140A,0
1442,TGME49_209500,0
1443,Ncaninum_LIV_000258500,0
1444,TGDOM2_208760,0
1445,TGVEG_209020,0
1446,TGPRC2_218000B,0
1447,NCLIV_017941,0
1448,TGDOM2_209020,0
1449,TGGT1_208810,0
1450,TGBR9_323110,0
1451,NCLIV_003380,0
1452,TGVEG_201660,0
1453,TGME49_209270,0
1454,TGRUB_430990,0
1455,TGRUB_201900,0
1456,TGPRC2_201900A,0
1457,TGRUB_209490,0
1458,TGMAS_293360,0
1459,TGCOUG_208910,0
1460,TGRUB_209640,0
1461,TGGT1_259172,0
1462,TGFOU_208410A,0
1463,CSUI_003934,0
1464,TGARI_201740,0
1465,CSUI_007411,0
1466,TGRH88_070460,0
1467,TGME49_252380,0
1468,CSUI_007560,0
1469,TGARI_292950,0
1470,TGME49_207015,0
1471,TGBR9_201810,0
1472,TGVAND_208400A,0
1473,TGGT1_200470,0
1474,TGME49_209020,0
1475,TGVAND_208770,0
1476,TGARI_209420,0
1477,TGCAST_209630,0
1478,TGBR9_209020,0
1479,TGRH88_001570,0
1480,TGPRC2_201140B,0
1481,NCLIV_067660,0
1482,TGP89_209700,0
1483,NCLIV_003070,0
1484,CSUI_003312,0
1485,TGFOU_209680,0
1486,TGDOM2_202070,0
1487,TGDOM2_209460,0
1488,TGP89_209600,0
1489,HHA_231880,0
1490,TGPRC2_200360,0
1491,TGME49_208980,0
1492,Ncaninum_LIV_000743500,0
1493,NCLIV_067700,0
1494,Ncaninum_LIV_000254200,0
1495,TGGT1_223095,0
1496,Ncaninum_LIV_000254600,0
1497,Ncaninum_LIV_000113300,0
1498,TGMAS_292975A,0
1499,TGRH88_083290,0
1500,NCLIV_067600,0
1501,TGFOU_407480,0
1502,CSUI_001005,0
1503,TGPRC2_202070B,0
1504,TGRH88_021850,0
1505,TGME49_201660,0
1506,TGFOU_200470,0
1507,NCLIV_067940,0
1508,NCLIV_003920,0
1509,TGP89_201660,0
1510,TGME49_209485,0
1511,TGBR9_209070A,0
1512,TGFOU_202080,0
1513,TGRH88_021830,0
1514,TGVAND_200460,0
1515,TGDOM2_291650,0
1516,TGRH88_083150,0
1517,TGFOU_218000,0
1518,TGDOM2_223095,0
1519,TGVEG_209600,0
1520,TGCOUG_295130,0
1521,TGMAS_295130,0
1522,TGVEG_209280,0
1523,TGRH88_021640,0
1524,TGARI_202070B,0
1525,Ncaninum_LIV_000744700,0
1526,TGME49_293470,0
1527,TGFOU_293230A,0
1528,TGFOU_209070,0
1529,TGCAST_209550,0
1530,TGRH88_083200,0
1531,TGP89_244105,0
1532,Ncaninum_LIV_000449800,0
1533,TGDOM2_201660,0
1534,TGGT1_295130,0
1535,TGFOU_208410B,0
1536,TGFOU_208510,0
1537,TGGT1_246960,0
1538,TGRH88_018710,0
1539,TGARI_209583,0
1540,TGCAST_208910,0
1541,TGMAS_209170,0
1542,HHA_292950,0
1543,TGCOUG_208510,0
1544,TGVAND_209440,0
1545,NCLIV_003840,0
1546,TGME49_259160,0
1547,TGVEG_209045,0
1548,TGVEG_218000,0
1549,TGARI_209550,0
1550,TGGT1_208760,0
1551,NCLIV_038290,0
1552,NCLIV_022860,0
1553,TGME49_293430,0
1554,TGARI_200470,0
1555,TGVAND_209540,0
1556,TGPRC2_257380,0
1557,TGFOU_201650,0
1558,TGGT1_292950,0
1559,NCLIV_038270,0
1560,TGMAS_208770,0
1561,TGRH88_001810,0
1562,TGRH88_080190,0
1563,Ncaninum_LIV_000751700,0
1564,TGME49_208810,0
1565,TGVEG_208770,0
1566,TGRUB_292950,0
1567,NCLIV_003180,0
1568,TGBR9_257380,0
1569,NCLIV_017951,0
1570,TGARI_209460,0
1571,TGRUB_209200,0
1572,TGARI_200340,0
1573,TGGT1_209070,0
1574,TGRH88_018520,0
1575,TGME49_209550,0
1576,NCLIV_049770,0
1577,NCLIV_038240,0
1578,TGFOU_209705,0
1579,Ncaninum_LIV_000254300,0
1580,TGRH88_018370,0
1581,Ncaninum_LIV_000258800,0
1582,TGCOUG_209420,0
1583,TGCAST_390440,0
1584,TGGT1_209590,0
1585,TGRH88_022180,0
1586,Ncaninum_LIV_000574100,0
1587,TGCAST_244105,0
1588,TGMAS_293230A,0
1589,TGP89_271240,0
1590,TGCAST_209560,0
1591,TGGT1_200360,0
1592,HHA_259280,0
1593,TGP89_293360,0
1594,TGFOU_209550A,0
1595,NCLIV_017950,0
1596,TGP89_209550,0
1597,NCLIV_067560,0
1598,TGME49_231880,0
1599,TGBR9_201660,0
1600,TGBR9_209485,0
1601,TGARI_323100,0
1602,TGVAND_209600,0
1603,TGRUB_218000B,0
1604,NCLIV_038100,0
1605,NCLIV_067630,0
1606,Ncaninum_LIV_000258000,0
1607,TGMAS_201740,0
1608,TGBR9_293230A,0
1609,TGGT1_208980,0
1610,TGRUB_293360,0
1611,TGVEG_291650,0
1612,TGGT1_259700,0
1613,CSUI_009634,0
1614,TGARI_209200A,0
1615,Ncaninum_LIV_000748700,0
1616,TGME49_209510,0
1617,TGBR9_208760,0
1618,TGPRC2_208440,0
1619,NCLIV_012540,0
1620,NCLIV_003790,0
1621,TGGT1_208770,0
1622,NCLIV_003580,0
1623,TGARI_218000,0
1624,TGRH88_021570,0
1625,TGMAS_208910,0
1626,NCLIV_003510,0
1627,NCLIV_049900,0
1628,TGCAST_201900A,0
1629,TGCOUG_209560,0
1630,TGRUB_202070A,0
1631,NCLIV_067910,0
1632,TGMAS_209670,0
1633,TGME49_201140,0
1634,TGFOU_209280,0
1635,HHA_234220,0
1636,TGRH88_083280,0
1637,TGRUB_434100,0
1638,Ncaninum_LIV_000744200,0
1639,TGVAND_218000,0
1640,TGPRC2_427150,0
1641,TGME49_201860,0
1642,TGDOM2_209270,0
1643,NCLIV_000390,0
1644,Ncaninum_LIV_000750800,0
1645,TGRH88_021690,0
1646,TGFOU_209200B,0
1647,NCLIV_003780,0
1648,TGBR9_209530,0
1649,TGCAST_259160,0
1650,CSUI_010145,0
1651,TGMAS_208400A,0
1652,TGGT1_296015,0
1653,TGFOU_201900B,0
1654,TGMAS_209480,0
1655,Ncaninum_LIV_000258200,0
1656,TGME49_220950,0
1657,TGRH88_022130,0
1658,TGRUB_292975B,0
1659,TGRH88_021880,0
1660,TGRH88_072490,0
1661,TGCAST_209045,0
1662,TGRH88_021600,0
1663,TGRH88_021500,0
1664,TGDOM2_209705,0
1665,TGVAND_208440,0
1666,TGMAS_465002,0
1667,TGRH88_037310,0
1668,TGP89_209460,0
1669,Ncaninum_LIV_000746600,0
1670,TGMAS_311270,0
1671,TGVEG_244105,0
1672,TGGT1_209490,0
1673,TGCAST_268270,0
1674,TGBR9_218000A,0
1675,TGCOUG_202080A,0
1676,TGGT1_241165,0
1677,Ncaninum_LIV_000231700,0
1678,TGARI_259172,0
1679,TGDOM2_209540,0
1680,TGCOUG_209550,0
1681,TGGT1_209040,0
1682,TGCOUG_200340,0
1683,NCLIV_006090,0
1684,NCLIV_067590,0
1685,TGFOU_209440,0
1686,TGME49_209420,0
1687,TGGT1_208510,0
1688,TGBR9_209540,0
1689,TGCAST_218000B,0
1690,TGRUB_209550,0
1691,TGMAS_218000,0
1692,TGBR9_200360,0
1693,TGARI_209680A,0
1694,TGRH88_037300,0
1695,TGRH88_083260,0
1696,Ncaninum_LIV_000258300,0
1697,TGVEG_209460,0
1698,NCLIV_023230,0
1699,TGBR9_209680,0
1700,TGCOUG_259190,0
1701,TGP89_209280A,0
1702,TGP89_292950,0
1703,CSUI_002331,0
1704,TGP89_201170,0
1705,TGVAND_209460,0
1706,TGVEG_202070,0
1707,XP_002365701.1,1
1708,PHJ20993.1,1
1709,KEP66778.1,1
1710,XP_003883890.1,1
1711,XP_002366395.1,1
1712,XP_003884164.1,1
1713,KEP67682.1,1
1714,XP_002366371.1,1
1715,XP_003884186.1,1
1716,KEP67657.1,1
1717,XP_002364324.1,1
1718,KEP63627.1,1
1719,XP_002369271.1,1
1720,KEP65338.1,1
1721,XP_002371939.1,1
1722,XP_003884891.1,1
1723,KEP62654.1,1
1724,XP_002367613.1,1
1725,XP_003882408.1,1
1726,KEP64862.1,1
1727,XP_002369526.1,1
1728,KEP64414.1,1
1729,XP_002367395.1,1
1730,XP_003886263.1,1
1731,KEP61103.1,1
1732,PHJ22848.1,1
1733,XP_002365583.1,1
1734,KEP66660.1,1
1735,PHJ15950.1,1
1736,PHJ23286.1,1
1737,XP_002372091.1,1
1738,XP_002372013.2,1
1739,KEP61210.1,1
1740,XP_002368305.1,1
1741,XP_003880268.1,1
1742,KEP60193.1,1
1743,KEP61044.1,1
1744,PHJ19999.1,1
1745,PHJ24825.1,1
1746,PHJ24827.1,1
1747,PHJ16235.1,1
1748,PHJ15306.1,1
1749,XP_002371611.2,1
1750,KEP61044.1,1
1751,KEP60193.1,1
1752,XP_018638239.1,1
1753,XP_002372021.1,1
1754,XP_002366613.1,1
1755,XP_003881877.1,1
1756,XP_002371942.1,1
1757,KEP62651.1,1
1758,XP_002369653.1,1
1759,XP_002370036.1,1
1760,XP_003880115.1,1
1761,XP_002368320.1,1
1762,XP_002372078.1,1
1763,XP_002366731.1,1
1764,XP_002370841.1,1
1765,XP_002371208.1,1
1766,XP_003880238.1,1
1767,KEP63227.1,1
1768,KEP63099.1,1
1769,XP_002367939.1,1
1770,XP_002368464.1,1
1771,XP_003881234.1,1
1772,XP_002368067.1,1
1773,XP_002365650.1,1
1774,XP_002368071.1,1
1775,XP_002371549.1,1
1776,XP_002371831.1,1
1777,XP_018634963.1,1
1778,XP_002367611.1,1
1779,XP_002366291.1,1
1780,XP_002371056.2,1
1781,XP_002369041.1,1
1782,XP_002364464.2,1
1783,XP_002368373.1,1
1784,XP_018634786.1,1
1785,XP_018636566.1,1
1786,XP_002369039.1,1
1787,XP_018635777.1,1
1788,XP_002366439.1,1
1789,XP_002364792.1,1
1790,XP_002369620.1,1
1791,XP_018638252.1,1
1792,XP_018638131.1,1
1793,XP_002366635.1,1
1794,XP_018638155.1,1
1795,XP_002368842.1,1
1796,XP_002366942.1,1
1797,XP_002367699.1,1
1798,XP_002367642.1,1
1799,XP_018636869.1,1
1800,XP_002369821.2,1
1801,XP_002365225.2,1
1802,XP_002367706.1,1
1803,XP_002366553.1,1
1804,XP_002364223.1,1
1805,XP_018635597.1,1
1806,XP_002371335.2,1
1807,XP_002365572.1,1
1808,XP_002364555.1,1
1809,XP_002367699.1,1
1810,XP_002371958.1,1
1811,VTZ70341.1,1
1812,VTZ68784.1,1
1813,EPR58651.1,1
1814,EPR59250.1,1
1815,EPR59923.1,1
1816,EPR61484.1,1
1817,EPR56974.1,1
1818,EPR64147.1,1
1819,EPR63363.1,1
1820,EPR64482.1,1
1821,EPR61265.1,1
1822,EPR61165.1,1
1823,EPR59744.1,1
1824,EPR60118.1,1
1825,EPR62960.1,1
1826,EPR63599.1,1
1827,EPR60974.1,1
1828,EPR62439.1,1
1829,EPR61469.1,1
1830,EPR59631.1,1
1831,EPR62228.1,1
1832,EPR61848.1,1
1833,EPR57526.1,1
1834,EPR60836.1,1
1835,EPR60766.1,1
1836,EPR64992.1,1
1837,EPR61702.1,1
1838,EPR58122.1,1
1839,EPR64992.1,1
1840,EPR62879.1,1
1841,EPR61484.1,1
1842,EPR59035.1,1
1843,EPR63870.1,1
1844,EPR61607.1,1
1845,EPR63407.1,1
1846,EPR60116.1,1
1847,EPR60807.1,1
1848,EPR60934.1,1
1849,EPR58662.1,1
1850,EPR60836.1,1
1851,EPR60414.1,1
1852,EPR63853.1,1
1853,EPR60090.1,1
1854,EPR60494.1,1
1855,EPR61165.1,1
1856,EPR58273.1,1
1857,EPR60445.1,1
1858,EPR60176.1,1
1859,EPR61500.1,1
1860,EPR61820.1,1
1861,EPR56974.1,1
1862,EPR64482.1,1
1863,EPR64462.1,1
1864,EPR58184.1,1
1865,EPR62504.1,1
1866,EPR62919.1,1
1867,EPR63599.1,1
1868,EPR58670.1,1
1869,EPR60118.1,1
1870,EPR60043.1,1
1871,EPR62130.1,1
1872,EPR57583.1,1
1873,EPR58529.1,1
1874,EPR61475.1,1
1875,EPR59716.1,1
1876,EPR56801.1,1
1877,EPR59923.1,1
1878,EPR64716.1,1
1879,EPR58371.1,1
1880,EPR62228.1,1
1881,EPR60244.1,1
1882,EPR58606.1,1
1883,EPR62439.1,1
1884,EPR62690.1,1
1885,EPR64091.1,1
1886,EPR62241.1,1
1887,EPR60110.1,1
1888,EPR61636.1,1
1889,EPR60097.1,1
1890,EPR61418.1,1
1891,EPR63662.1,1
1892,EPR59631.1,1
1893,EPR56556.1,1
1894,EPR62231.1,1
1895,EPR63580.1,1
1896,EPR61939.1,1
1897,EPR63714.1,1
1898,EPR62131.1,1
1899,EPR63114.1,1
1900,EPR64932.1,1
1901,EPR60562.1,1
1902,EPR58367.1,1
1903,EPR61469.1,1
1904,EPR56908.1,1
1905,EPR58836.1,1
1906,EPR57157.1,1
1907,EPR61263.1,1
1908,EPR64485.1,1
1909,EPR56596.1,1
1910,EPR61129.1,1
1911,EPR62960.1,1
1912,EPR60617.1,1
1913,EPR60597.1,1
1914,EPR57056.1,1
1915,EPR58351.1,1
1916,EPR64815.1,1
1917,EPR62436.1,1
1918,EPR63870.1,1
1919,EPR62851.1,1
1920,EPR61271.1,1
1921,EPR62815.1,1
1922,EPR60893.1,1
1923,EPR64085.1,1
1924,EPR63840.1,1
1925,EPR61901.1,1
1926,EPR57467.1,1
1927,EPR64147.1,1
1928,EPR57485.1,1
1929,EPR61739.1,1
1930,EPR62429.1,1
1931,EPR58632.1,1
1932,EPR63485.1,1
1933,EPR59201.1,1
1934,EPR60724.1,1
1935,XP_003885102.1,1
1936,XP_003883005.1,1
1937,CBZ50579.1,1
1938,XP_003884935.1,1
1939,CEL71353.1,1
1940,XP_003885338.1,1
1941,XP_003883003.1,1
1942,XP_003884528.1,1
1943,XP_003881778.1,1
1944,CBZ52426.1,1
1945,XP_003885247.1,1
1946,XP_003884605.1,1
1947,XP_003882345.1,1
1948,XP_003880381.1,1
1949,XP_003883833.1,1
1950,XP_003885888.1,1
1951,CBZ55799.1,1
1952,XP_003886448.1,1
1953,P31946,1
1954,P62258,1
1955,Q04917,1
1956,P61981,1
1957,P31947,1
1958,P27348,1
1959,P63104,1
1960,P30443,1
1961,P01892,0
1962,P04439,0
1963,Q9JLI0,0
1964,Q9JLI6,0
1965,Q9JLJ2,0
1966,Q9JJU8,0
1967,Q9JJZ4,0
1968,Q9JK23,0
1969,Q9JK38,1
1970,Q9JKC8,1
1971,Q9JKW0,0
1972,Q9JLC3,0
